"pot_key","string","year","date_retrieved","pot_number","opcode","set_local","ret_local","longitude","latitude","depth_m"
"2025_2025-04-09_1","1",2025,"2025-04-09","1","","2025-04-08 14:25:28","2025-04-09 09:02:39",113.453101667108,-28.1591983332669,43.5
"2025_2025-04-09_2","1",2025,"2025-04-09","2","","2025-04-08 14:27:38","2025-04-09 08:58:49",113.452534999946,-28.1575333330373,42
"2025_2025-04-09_3","1",2025,"2025-04-09","3","","2025-04-08 14:31:21","2025-04-09 08:55:12",113.451718333436,-28.1547600003953,40.3
"2025_2025-04-09_4","1",2025,"2025-04-09","4","","2025-04-08 14:34:25","2025-04-09 08:52:03",113.450986666417,-28.1519650000404,40.9
"2025_2025-04-09_5","1",2025,"2025-04-09","5","","2025-04-08 14:36:31","2025-04-09 08:48:52",113.450213333738,-28.1491916665189,44
"2025_2025-04-09_6","1",2025,"2025-04-09","6","","2025-04-08 14:38:41","2025-04-09 08:44:46",113.449373333489,-28.1464783336714,43.2
"2025_2025-04-09_7","1",2025,"2025-04-09","7","","2025-04-08 14:40:46","2025-04-09 08:40:39",113.44860333356,-28.1436316667302,43.6
"2025_2025-04-09_8","1",2025,"2025-04-09","8","","2025-04-08 14:42:55","2025-04-09 08:36:09",113.447855000098,-28.1409500000301,42.7
"2025_2025-04-09_9","1",2025,"2025-04-09","9","","2025-04-08 14:45:55","2025-04-09 08:33:47",113.447073333748,-28.1379216664342,43.6
"2025_2025-04-09_10","1",2025,"2025-04-09","10","","2025-04-08 14:48:10","2025-04-09 08:31:04",113.446444999936,-28.1354416668595,43.5
"2025_2025-04-09_11","2",2025,"2025-04-09","11","","2025-04-08 14:53:31","2025-04-09 08:26:17",113.440006666497,-28.1316549997343,39.9
"2025_2025-04-09_12","2",2025,"2025-04-09","12","","2025-04-08 14:55:17","2025-04-09 08:23:52",113.439106666872,-28.1300033334805,39.2
"2025_2025-04-09_13","2",2025,"2025-04-09","13","","2025-04-08 14:58:00","2025-04-09 08:18:56",113.438138333301,-28.1282600002638,39.3
"2025_2025-04-09_14","2",2025,"2025-04-09","14","","2025-04-08 15:00:13","2025-04-09 08:16:13",113.437236666403,-28.1270033335178,40
"2025_2025-04-09_15","2",2025,"2025-04-09","15","","2025-04-08 15:02:17","2025-04-09 08:11:53",113.436471666497,-28.125628333629,38.9
"2025_2025-04-09_16","2",2025,"2025-04-09","16","","2025-04-08 15:04:39","2025-04-09 08:09:14",113.435696666545,-28.1241066667747,38
"2025_2025-04-09_17","2",2025,"2025-04-09","17","","2025-04-08 15:06:23","2025-04-09 08:05:01",113.434783333226,-28.1226783335854,39.2
"2025_2025-04-09_18","2",2025,"2025-04-09","18","","2025-04-08 15:09:10","2025-04-09 08:00:13",113.433873333555,-28.1209583333132,40.8
"2025_2025-04-09_19","2",2025,"2025-04-09","19","","2025-04-08 15:11:42","2025-04-09 07:57:10",113.432918333678,-28.1192133333831,39.9
"2025_2025-04-09_20","2",2025,"2025-04-09","20","","2025-04-08 15:13:48","2025-04-09 07:54:30",113.4320866671,-28.117893333014,39.9
"2025_2025-04-09_21","2",2025,"2025-04-09","21","","2025-04-08 15:16:40","2025-04-09 07:46:55",113.431041666811,-28.1161383333871,39.6
"2025_2025-04-09_22","2",2025,"2025-04-09","22","","2025-04-08 15:18:50","2025-04-09 07:43:34",113.430339999929,-28.114963332945,40.9
"2025_2025-04-09_23","2",2025,"2025-04-09","23","","2025-04-08 15:21:17","2025-04-09 07:41:01",113.42953499984,-28.113488333417,39.5
"2025_2025-04-09_24","2",2025,"2025-04-09","24","","2025-04-08 15:23:45","2025-04-09 07:36:14",113.428704999637,-28.111998333634,39.4
"2025_2025-04-09_25","2",2025,"2025-04-09","25","","2025-04-08 15:25:50","2025-04-09 07:33:28",113.427853332967,-28.1104950000781,40.1
"2025_2025-04-09_26","2",2025,"2025-04-09","26","","2025-04-08 15:27:57","2025-04-09 07:28:01",113.426988333502,-28.1089066670092,40.6
"2025_2025-04-09_27","2",2025,"2025-04-09","27","","2025-04-08 15:30:25","2025-04-09 07:24:48",113.425989999794,-28.1072483334731,41.9
"2025_2025-04-09_28","2",2025,"2025-04-09","28","","2025-04-08 15:33:17","2025-04-09 07:22:03",113.425006667053,-28.1056683333987,42.4
"2025_2025-04-09_29","2",2025,"2025-04-09","29","","2025-04-08 15:35:31","2025-04-09 07:18:36",113.424233333476,-28.1043433334911,43
"2025_2025-04-09_30","2",2025,"2025-04-09","30","","2025-04-08 15:37:37","2025-04-09 07:10:33",113.423511666503,-28.102883333191,41.6
"2025_2025-04-09_31","3",2025,"2025-04-09","31","","2025-04-08 15:47:44","2025-04-09 10:37:24",113.454126666407,-28.1146716670005,40
"2025_2025-04-09_32","3",2025,"2025-04-09","32","","2025-04-08 15:49:39","2025-04-09 10:39:37",113.455133332888,-28.1156700001957,32
"2025_2025-04-09_33","3",2025,"2025-04-09","33","","2025-04-08 15:51:21","2025-04-09 10:41:27",113.456069999946,-28.1167533336272,32.8
"2025_2025-04-09_34","3",2025,"2025-04-09","34","","2025-04-08 15:53:01","2025-04-09 10:43:32",113.456846666273,-28.117871666889,32
"2025_2025-04-09_35","3",2025,"2025-04-09","35","","2025-04-08 15:55:02","2025-04-09 10:45:56",113.457660000033,-28.1190599997647,31.2
"2025_2025-04-09_36","3",2025,"2025-04-09","36","","2025-04-08 15:57:11","2025-04-09 10:47:41",113.45844500003,-28.1202616669847,31
"2025_2025-04-09_37","3",2025,"2025-04-09","37","","2025-04-08 15:59:05","2025-04-09 10:49:32",113.459256666517,-28.1214133332736,30
"2025_2025-04-09_38","3",2025,"2025-04-09","38","","2025-04-08 16:00:44","2025-04-09 10:51:35",113.460174999859,-28.1224699997671,31
"2025_2025-04-09_39","3",2025,"2025-04-09","39","","2025-04-08 16:02:11","2025-04-09 10:53:58",113.461040000222,-28.1237216666726,31.9
"2025_2025-04-09_40","3",2025,"2025-04-09","40","","2025-04-08 16:05:28","2025-04-09 10:56:26",113.461783333662,-28.1246366664229,32
"2025_2025-04-09_41","4",2025,"2025-04-09","41","","2025-04-08 16:13:23","2025-04-09 11:32:46",113.477859114168,-28.1202528869554,48.7
"2025_2025-04-09_42","4",2025,"2025-04-09","42","","2025-04-08 16:15:15","2025-04-09 11:29:11",113.477006666862,-28.1186749997618,29.8
"2025_2025-04-09_43","4",2025,"2025-04-09","43","","2025-04-08 16:17:48","2025-04-09 11:27:17",113.475525000006,-28.116400000192,29.4
"2025_2025-04-09_44","4",2025,"2025-04-09","44","","2025-04-08 16:19:54","2025-04-09 11:23:30",113.474713333519,-28.1151033329821,27
"2025_2025-04-09_45","4",2025,"2025-04-09","45","","2025-04-08 16:21:47","2025-04-09 11:21:50",113.47362166665,-28.1133666665657,26
"2025_2025-04-09_46","4",2025,"2025-04-09","46","","2025-04-08 16:24:23","2025-04-09 11:19:00",113.472455000336,-28.1114666670166,25
"2025_2025-04-09_47","4",2025,"2025-04-09","47","","2025-04-08 16:26:19","2025-04-09 11:16:19",113.471265000282,-28.1097266669029,33.5
"2025_2025-04-09_48","4",2025,"2025-04-09","48","","2025-04-08 16:28:03","2025-04-09 11:13:29",113.470081666626,-28.1077766668953,31.9
"2025_2025-04-09_49","4",2025,"2025-04-09","49","","2025-04-08 16:30:25","2025-04-09 11:11:54",113.468968333291,-28.1059866669439,38.5
"2025_2025-04-09_50","4",2025,"2025-04-09","50","","2025-04-08 16:31:46","2025-04-09 11:09:14",113.467811667022,-28.104163333464,37.2
"2025_2025-04-10_1","5",2025,"2025-04-10","1","","2025-04-09 09:32:18","2025-04-10 11:46:37",113.398088333357,-28.0704366665602,60.7
"2025_2025-04-10_2","5",2025,"2025-04-10","2","","2025-04-09 09:34:12","2025-04-10 11:51:23",113.398971666539,-28.0724599999455,59.4
"2025_2025-04-10_3","5",2025,"2025-04-10","3","","2025-04-09 09:35:43","2025-04-10 11:54:55",113.400161666593,-28.07557833359,62.3
"2025_NA_4","5",2025,"","4","","2025-04-09 09:37:20","",113.401538332969,-28.0788566669353,59.2
"2025_2025-04-10_5","5",2025,"2025-04-10","5","","2025-04-09 09:38:36","2025-04-10 11:59:57",113.403413333461,-28.0832266665857,57.3
"2025_2025-04-10_6","5",2025,"2025-04-10","6","","2025-04-09 09:40:03","2025-04-10 12:03:27",113.40492666683,-28.0869949999842,57.2
"2025_2025-04-10_7","5",2025,"2025-04-10","7","","2025-04-09 09:41:30","2025-04-10 12:06:51",113.405349999704,-28.0881583334164,57.2
"2025_2025-04-10_8","5",2025,"2025-04-10","8","","2025-04-09 09:42:58","2025-04-10 12:10:28",113.406701666864,-28.0913333332981,56.9
"2025_2025-04-10_9","5",2025,"2025-04-10","9","","2025-04-09 09:44:34","2025-04-10 12:14:10",113.408011666568,-28.0944183336734,57.9
"2025_2025-04-10_10","5",2025,"2025-04-10","10","","2025-04-09 09:45:54","2025-04-10 12:17:56",113.409370000126,-28.0975249996179,57.7
"2025_2025-04-10_11","6",2025,"2025-04-10","11","","2025-04-09 09:49:20","2025-04-10 09:24:54",113.420861666957,-28.0964833333805,40
"2025_2025-04-10_12","6",2025,"2025-04-10","12","","2025-04-09 09:50:39","2025-04-10 09:21:24",113.419924999899,-28.0936833333507,44.1
"2025_2025-04-10_13","6",2025,"2025-04-10","13","","2025-04-09 09:51:36","2025-04-10 09:18:22",113.419521666218,-28.0922633329417,44.5
"2025_2025-04-10_14","6",2025,"2025-04-10","14","","2025-04-09 09:52:48","2025-04-10 09:13:51",113.418656666752,-28.089303333067,45.1
"2025_2025-04-10_15","6",2025,"2025-04-10","15","","2025-04-09 09:53:59","2025-04-10 09:10:06",113.417655000295,-28.0864233334187,47.5
"2025_2025-04-10_16","6",2025,"2025-04-10","16","","2025-04-09 09:55:08","2025-04-10 09:06:45",113.416896666787,-28.0838216669206,48.5
"2025_2025-04-10_17","6",2025,"2025-04-10","17","","2025-04-09 09:56:20","2025-04-10 09:01:57",113.416018333628,-28.0809666668528,51.7
"2025_2025-04-10_18","6",2025,"2025-04-10","18","","2025-04-09 09:57:16","2025-04-10 08:58:31",113.414878332904,-28.0771933330346,51
"2025_2025-04-10_19","6",2025,"2025-04-10","19","","2025-04-09 09:58:23","2025-04-10 08:54:30",113.414106666601,-28.0746066666889,51.4
"2025_2025-04-10_20","6",2025,"2025-04-10","20","","2025-04-09 09:59:42","2025-04-10 08:51:59",113.413075000006,-28.071773333302,51.2
"2025_2025-04-10_21","7",2025,"2025-04-10","21","","2025-04-09 10:05:09","2025-04-10 11:29:29",113.408284999655,-28.0560816663818,58.2
"2025_2025-04-10_22","7",2025,"2025-04-10","22","","2025-04-09 10:06:49","2025-04-10 11:25:40",113.412333332941,-28.055109999961,51.3
"2025_2025-04-10_23","7",2025,"2025-04-10","23","","2025-04-09 10:08:15","2025-04-10 11:22:31",113.415898333079,-28.0540183331436,46.8
"2025_2025-04-10_24","7",2025,"2025-04-10","24","","2025-04-09 10:09:47","2025-04-10 11:19:06",113.419843333158,-28.0529766666735,54.2
"2025_2025-04-10_25","7",2025,"2025-04-10","25","","2025-04-09 10:11:06","2025-04-10 11:16:15",113.423376666783,-28.0519266666853,57.1
"2025_2025-04-10_26","7",2025,"2025-04-10","26","","2025-04-09 10:13:30","2025-04-10 11:12:27",113.427986666311,-28.0505833330642,57.1
"2025_2025-04-10_27","7",2025,"2025-04-10","27","","2025-04-09 10:14:57","2025-04-10 11:09:36",113.431478333379,-28.049688332995,47.6
"2025_2025-04-10_28","7",2025,"2025-04-10","28","","2025-04-09 10:16:45","2025-04-10 11:06:45",113.434678333644,-28.0488700000842,42.7
"2025_2025-04-10_29","7",2025,"2025-04-10","29","","2025-04-09 10:17:43","2025-04-10 11:03:05",113.437924999591,-28.0480616670177,41.5
"2025_2025-04-10_30","7",2025,"2025-04-10","30","","2025-04-09 10:19:26","2025-04-10 10:55:38",113.442276666999,-28.0469899996512,52.9
"2025_2025-04-10_31","8",2025,"2025-04-10","31","","2025-04-09 11:49:07","2025-04-10 08:40:53",113.444106666387,-28.0972299999745,45.6
"2025_2025-04-10_32","8",2025,"2025-04-10","32","","2025-04-09 11:50:33","2025-04-10 08:35:49",113.443684999887,-28.0953316664611,44.6
"2025_2025-04-10_33","8",2025,"2025-04-10","33","","2025-04-09 11:51:55","2025-04-10 08:33:42",113.442868333378,-28.0925266667242,45
"2025_2025-04-10_34","8",2025,"2025-04-10","34","","2025-04-09 11:53:15","2025-04-10 08:30:32",113.442054999618,-28.0893233335649,43.9
"2025_2025-04-10_35","8",2025,"2025-04-10","35","","2025-04-09 11:54:22","2025-04-10 08:24:56",113.441343333589,-28.0865800002957,43.6
"2025_2025-04-10_36","8",2025,"2025-04-10","36","","2025-04-09 11:55:35","2025-04-10 08:21:45",113.440645000355,-28.0837350002327,40.5
"2025_2025-04-10_37","8",2025,"2025-04-10","37","","2025-04-09 11:56:47","2025-04-10 08:19:08",113.440040000282,-28.0809150000886,39.2
"2025_2025-04-10_38","8",2025,"2025-04-10","38","","2025-04-09 11:57:58","2025-04-10 08:15:49",113.43865666661,-28.075811666923,49.5
"2025_2025-04-10_39","8",2025,"2025-04-10","39","","2025-04-09 11:59:11","2025-04-10 08:12:24",113.438341666966,-28.0745966670514,41.5
"2025_2025-04-10_40","8",2025,"2025-04-10","40","","2025-04-09 12:00:29","2025-04-10 08:08:59",113.437841666475,-28.0721866670241,41.4
"2025_2025-04-10_41","9",2025,"2025-04-10","41","","2025-04-09 12:05:37","2025-04-10 07:16:04",113.448804999952,-28.064618333296,43.6
"2025_2025-04-10_42","9",2025,"2025-04-10","42","","2025-04-09 12:08:08","2025-04-10 07:20:10",113.450554999872,-28.0696516664691,42.6
"2025_2025-04-10_43","9",2025,"2025-04-10","43","","2025-04-09 12:09:07","2025-04-10 07:23:32",113.451396666496,-28.071766666437,33
"2025_2025-04-10_44","9",2025,"2025-04-10","44","","2025-04-09 12:10:36","2025-04-10 07:30:04",113.452788332941,-28.0749866664921,31.2
"2025_2025-04-10_45","9",2025,"2025-04-10","45","","2025-04-09 12:12:16","2025-04-10 07:33:43",113.454218333194,-28.0786450000012,29.7
"2025_2025-04-10_47","9",2025,"2025-04-10","47","","2025-04-09 12:15:26","2025-04-10 07:41:44",113.457061666358,-28.0856366669613,29.9
"2025_2025-04-10_48","9",2025,"2025-04-10","48","","2025-04-09 12:17:36","2025-04-10 07:46:06",113.459048333728,-28.090314999973,36.6
"2025_2025-04-10_49","9",2025,"2025-04-10","49","","2025-04-09 12:18:47","2025-04-10 07:51:28",113.460178333507,-28.0929416664067,27.7
"2025_2025-04-10_50","9",2025,"2025-04-10","50","","2025-04-09 12:20:13","2025-04-10 07:56:13",113.461528333394,-28.0961666667041,26.2
"2025_2025-04-10_46","9",2025,"2025-04-10","46","","2025-04-09 12:21:27","2025-04-10 07:37:20",113.456038446622,-28.0818220081915,
"2025_2025-04-11_1","10",2025,"2025-04-11","1","","2025-04-10 09:49:42","2025-04-11 07:37:16",113.422391666769,-28.0121216669429,58.8
"2025_2025-04-11_2","10",2025,"2025-04-11","2","","2025-04-10 09:50:59","2025-04-11 07:40:30",113.420008333014,-28.0106600003676,57
"2025_2025-04-11_3","10",2025,"2025-04-11","3","","2025-04-10 09:52:23","2025-04-11 07:43:21",113.417554999837,-28.0090033331139,54.8
"2025_2025-04-11_4","10",2025,"2025-04-11","4","","2025-04-10 09:53:31","2025-04-11 07:46:38",113.415016666272,-28.0074033335428,47.8
"2025_2025-04-11_5","10",2025,"2025-04-11","5","","2025-04-10 09:54:46","2025-04-11 07:49:52",113.412473333581,-28.0057800003315,45.3
"2025_2025-04-11_6","10",2025,"2025-04-11","6","","2025-04-10 09:55:50","2025-04-11 07:55:37",113.410158333772,-28.004293332996,47.6
"2025_2025-04-11_7","10",2025,"2025-04-11","7","","2025-04-10 09:57:22","2025-04-11 07:59:03",113.406055000234,-28.0016049997007,44.5
"2025_2025-04-11_8","10",2025,"2025-04-11","8","","2025-04-10 09:58:03","2025-04-11 08:02:25",113.405353333352,-28.001105000124,44.2
"2025_2025-04-11_9","10",2025,"2025-04-11","9","","2025-04-10 09:59:16","2025-04-11 08:09:23",113.403121666658,-27.9995366663202,44.2
"2025_2025-04-11_10","10",2025,"2025-04-11","10","","2025-04-10 10:00:13","2025-04-11 08:13:33",113.400611666854,-27.9980433334137,41.9
"2025_2025-04-11_11","11",2025,"2025-04-11","11","","2025-04-10 10:01:17","2025-04-11 08:17:03",113.397811666623,-27.9969083332625,42
"2025_2025-04-11_12","11",2025,"2025-04-11","12","","2025-04-10 10:02:02","2025-04-11 08:20:34",113.396453333065,-27.9972383331029,43.3
"2025_2025-04-11_13","11",2025,"2025-04-11","13","","2025-04-10 10:02:35","2025-04-11 08:22:59",113.395055000222,-27.9975933330647,41.8
"2025_2025-04-11_14","11",2025,"2025-04-11","14","","2025-04-10 10:03:17","2025-04-11 08:27:01",113.393546666877,-27.9980566667639,42.6
"2025_NA_15","11",2025,"","15","","2025-04-10 10:04:01","",113.391979999631,-27.9984566665047,42.5
"2025_2025-04-11_16","11",2025,"2025-04-11","16","","2025-04-10 10:04:42","2025-04-11 08:35:13",113.390381666772,-27.9988949996336,42.3
"2025_2025-04-11_17","11",2025,"2025-04-11","17","","2025-04-10 10:05:21","2025-04-11 08:39:33",113.388833333243,-27.9992533333873,45.7
"2025_2025-04-11_18","11",2025,"2025-04-11","18","","2025-04-10 10:06:04","2025-04-11 08:43:48",113.386760000008,-27.9998049997259,53.2
"2025_2025-04-11_19","11",2025,"2025-04-11","19","","2025-04-10 10:06:47","2025-04-11 08:47:25",113.385021666508,-28.0002733335355,56.5
"2025_2025-04-11_20","11",2025,"2025-04-11","20","","2025-04-10 10:07:22","2025-04-11 08:50:14",113.384273333046,-28.0004966666756,57.5
"2025_2025-04-11_21","11",2025,"2025-04-11","21","","2025-04-10 10:08:42","2025-04-11 08:54:19",113.38375666701,-28.0030533334739,58.1
"2025_2025-04-11_22","12",2025,"2025-04-11","22","","2025-04-10 10:14:05","2025-04-11 08:58:10",113.381496666554,-27.9999466663534,57.9
"2025_2025-04-11_23","12",2025,"2025-04-11","23","","2025-04-10 10:14:50","2025-04-11 09:01:32",113.381208333399,-27.9981933331124,58.2
"2025_2025-04-11_24","12",2025,"2025-04-11","24","","2025-04-10 10:15:41","2025-04-11 09:06:01",113.381009999757,-27.9962866663512,58.6
"2025_2025-04-11_25","12",2025,"2025-04-11","25","","2025-04-10 10:16:31","2025-04-11 09:09:10",113.380806666991,-27.993974999772,58.3
"2025_2025-04-11_26","12",2025,"2025-04-11","26","","2025-04-10 10:17:23","2025-04-11 09:13:04",113.380606666974,-27.9926416663688,59.4
"2025_2025-04-11_27","12",2025,"2025-04-11","27","","2025-04-10 10:18:10","2025-04-11 09:16:17",113.380346666683,-27.9901649996917,59.5
"2025_2025-04-11_28","12",2025,"2025-04-11","28","","2025-04-10 10:19:23","2025-04-11 09:20:18",113.379888333649,-27.9879500002753,57.4
"2025_2025-04-11_29","12",2025,"2025-04-11","29","","2025-04-10 10:20:24","2025-04-11 09:23:59",113.379771666748,-27.9859833335464,57.5
"2025_2025-04-11_30","13",2025,"2025-04-11","30","","2025-04-10 12:51:44","2025-04-11 10:01:40",113.380638333486,-28.0125650003158,57.8
"2025_2025-04-11_31","13",2025,"2025-04-11","31","","2025-04-10 12:52:59","2025-04-11 09:58:33",113.380049999857,-28.0104066667197,58.4
"2025_2025-04-11_32","13",2025,"2025-04-11","32","","2025-04-10 12:54:24","2025-04-11 09:54:28",113.379345000226,-28.0078450001897,55.9
"2025_2025-04-11_33","13",2025,"2025-04-11","33","","2025-04-10 12:55:26","2025-04-11 09:50:41",113.378911666407,-28.0063066666671,58
"2025_2025-04-11_34","13",2025,"2025-04-11","34","","2025-04-10 12:56:23","2025-04-11 09:47:31",113.378303333585,-28.0046016664586,56.9
"2025_2025-04-11_35","13",2025,"2025-04-11","35","","2025-04-10 12:57:56","2025-04-11 09:43:13",113.377411666732,-28.0014366670149,56.3
"2025_2025-04-11_36","13",2025,"2025-04-11","36","","2025-04-10 12:59:09","2025-04-11 09:39:36",113.376750000033,-27.9986583330726,58.4
"2025_2025-04-11_37","13",2025,"2025-04-11","37","","2025-04-10 13:00:41","2025-04-11 09:36:06",113.376023333037,-27.9954683335277,58
"2025_2025-04-11_38","13",2025,"2025-04-11","38","","2025-04-10 13:01:53","2025-04-11 09:32:38",113.375271666825,-27.9917399997106,58.8
"2025_2025-04-11_39","13",2025,"2025-04-11","39","","2025-04-10 13:03:07","2025-04-11 09:28:49",113.374736667073,-27.9892749999788,58
"2025_2025-04-11_40","14",2025,"2025-04-11","40","","2025-04-10 13:45:57","2025-04-11 06:38:42",113.451255000379,-28.0894716669747,19.5
"2025_2025-04-11_41","14",2025,"2025-04-11","41","","2025-04-10 13:47:00","2025-04-11 06:41:49",113.452201666585,-28.0917566666531,19.6
"2025_2025-04-11_42","14",2025,"2025-04-11","42","","2025-04-10 13:48:39","2025-04-11 06:44:39",113.452950000047,-28.0938916668194,19.4
"2025_2025-04-11_43","14",2025,"2025-04-11","43","","2025-04-10 13:49:48","2025-04-11 06:47:34",113.453966666574,-28.0965916665443,18.4
"2025_2025-04-11_44","14",2025,"2025-04-11","44","","2025-04-10 13:51:15","2025-04-11 06:50:44",113.455130000138,-28.0994733332529,14.8
"2025_2025-04-11_45","14",2025,"2025-04-11","45","","2025-04-10 13:51:45","2025-04-11 06:53:57",113.455525000148,-28.1006149997178,14
"2025_2025-04-11_46","14",2025,"2025-04-11","46","","2025-04-10 13:52:57","2025-04-11 06:56:29",113.456116666527,-28.1024316667307,14
"2025_2025-04-11_47","14",2025,"2025-04-11","47","","2025-04-10 13:54:22","2025-04-11 06:59:30",113.457070000029,-28.1049316668677,13.2
"2025_2025-04-11_48","14",2025,"2025-04-11","48","","2025-04-10 13:55:18","2025-04-11 07:02:19",113.457911666653,-28.1072383337063,12
"2026_2026-04-22_18","5",2026,"2026-04-22","18","21042618","","2026-04-22 07:48:23",113.397701667018,-28.0692250000465,60.9
"2026_2026-04-22_FIII","5",2026,"2026-04-22","FIII","210426FIII","","2026-04-22 07:53:16",113.398928333607,-28.072029999758,50.7
"2026_2026-04-22_10","5",2026,"2026-04-22","10","21042610","","2026-04-22 07:56:32",113.400211666821,-28.0754699998298,63.4
"2026_2026-04-22_3","5",2026,"2026-04-22","3","21042603","","2026-04-22 07:59:16",113.401591666846,-28.0787416668792,58.3
"2026_2026-04-22_2","5",2026,"2026-04-22","2","21042602","","2026-04-22 08:05:37",113.402961666824,-28.0819366665254,56.8
"2026_2026-04-22_25","5",2026,"2026-04-22","25","21042625","","2026-04-22 08:09:15",113.404125000389,-28.0849483330457,58.1
"2026_2026-04-22_34","5",2026,"2026-04-22","34","21042634","","2026-04-22 08:15:07",113.405416666376,-28.0880133331017,56.5
"2026_2026-04-22_35","5",2026,"2026-04-22","35","21042635","","2026-04-22 08:19:34",113.406678333125,-28.0911066668634,57.7
"2026_2026-04-22_16","5",2026,"2026-04-22","16","21042616","","2026-04-22 08:24:49",113.408124999821,-28.0943349999509,58.2
"2026_2026-04-22_21","5",2026,"2026-04-22","21","21042621","","2026-04-22 08:27:44",113.409858918101,-28.0985622608798,58.8
"2026_2026-04-22_8","13",2026,"2026-04-22","8","21042608","","2026-04-22 09:23:27",113.374739999822,-27.9884083335273,55.5
"2026_2026-04-22_43","13",2026,"2026-04-22","43","21042643","","2026-04-22 09:27:19",113.375524137437,-27.9911180658133,0
"2026_2026-04-22_39","13",2026,"2026-04-22","39","21042639","","2026-04-22 09:30:22",113.37583500034,-27.9941650002876,55.7
"2026_2026-04-22_12","13",2026,"2026-04-22","12","21042612","","2026-04-22 09:33:57",113.376583966216,-27.9975427136981,60
"2026_2026-04-22_23","13",2026,"2026-04-22","23","21042623","","2026-04-22 09:37:25",113.37764812757,-28.0007579322239,57
"2026_2026-04-22_5","13",2026,"2026-04-22","5","21042605","","2026-04-22 09:40:48",113.3781,-28.004183,57.4
"2026_2026-04-22_4","13",2026,"2026-04-22","4","21042604","","2026-04-22 09:47:57",113.378417,-28.0063,58
"2026_2026-04-22_40","13",2026,"2026-04-22","40","21042640","","2026-04-22 09:48:29",113.379067,-28.0079,56.7
"2026_2026-04-22_27","12",2026,"2026-04-22","27","21042627","","2026-04-22 10:00:21",113.379828333374,-27.9860133333691,54.7
"2026_2026-04-22_F3","12",2026,"2026-04-22","F3","210426F3","","2026-04-22 10:04:00",113.379953333048,-27.9881800000598,54.7
"2026_2026-04-22_44","12",2026,"2026-04-22","44","21042644","","2026-04-22 10:07:22",113.380510000165,-27.9913633332553,58.1
"2026_2026-04-22_32","12",2026,"2026-04-22","32","21042632","","2026-04-22 10:10:56",113.380686666442,-27.9929733331305,56.1
"2026_2026-04-22_7","12",2026,"2026-04-22","7","21042607","","2026-04-22 10:14:52",113.38091833297,-27.9946733329498,55.8
"2026_2026-04-22_28","12",2026,"2026-04-22","28","21042628","","2026-04-22 10:18:55",113.380854999946,-27.99689833354,55.4
"2026_2026-04-22_24","12",2026,"2026-04-22","24","21042624","","2026-04-22 10:23:40",113.381248333582,-27.9973983335991,55.3
"2026_2026-04-22_17","12",2026,"2026-04-22","17","21042617","","2026-04-22 10:27:17",113.381754999572,-28.0001733330458,57.7
"2026_2026-04-22_13","11",2026,"2026-04-22","13","21042613","","2026-04-22 10:32:46",113.382846666441,-28.0025766670548,60.2
"2026_2026-04-22_31","11",2026,"2026-04-22","31","21042631","","2026-04-22 10:37:04",113.384393333595,-28.0003266666162,59.8
"2026_2026-04-22_20","11",2026,"2026-04-22","20","21042620","","2026-04-22 10:39:56",113.386464999557,-27.9998966667617,57.7
"2026_2026-04-22_36","11",2026,"2026-04-22","36","21042636","","2026-04-22 10:43:29",113.387863333298,-27.9995783330518,55.1
"2026_2026-04-22_15","11",2026,"2026-04-22","15","21042615","","2026-04-22 10:46:39",113.389125000046,-27.9990866666549,47.6
"2026_2026-04-22_6","11",2026,"2026-04-22","6","21042606","","2026-04-22 10:49:43",113.390550000276,-27.9986733336008,43.7
"2026_2026-04-22_47","11",2026,"2026-04-22","47","21042647","","2026-04-22 10:52:49",113.39284333362,-27.9982433334944,38.3
"2026_2026-04-22_41","11",2026,"2026-04-22","41","21042641","","2026-04-22 10:58:16",113.393799999872,-27.9979249996595,42.6
"2026_2026-04-22_37","11",2026,"2026-04-22","37","21042637","","2026-04-22 11:00:21",113.395703333228,-27.9974283334178,42.6
"2026_2026-04-22_11","11",2026,"2026-04-22","11","21042611","","2026-04-22 11:02:38",113.397450000398,-27.9970250000603,43.4
"2026_2026-04-22_22","11",2026,"2026-04-22","22","21042622","","2026-04-22 11:06:58",113.398820000377,-27.9966849998245,39.4
"2026_2026-04-22_9","10",2026,"2026-04-22","9","21042609","","2026-04-22 11:10:32",113.401123333766,-27.9983916664495,39.6
"2026_2026-04-22_50","10",2026,"2026-04-22","50","21042650","","2026-04-22 11:13:45",113.403393333369,-27.9998500000322,41.8
"2026_2026-04-22_26","10",2026,"2026-04-22","26","21042626","","2026-04-22 11:18:11",113.406643332965,-28.0019516667106,44.7
"2026_2026-04-22_45","10",2026,"2026-04-22","45","21042645","","2026-04-22 11:21:09",113.408056666774,-28.0028633335591,44.2
"2026_2026-04-22_49","10",2026,"2026-04-22","49","21042649","","2026-04-22 11:24:25",113.410800000379,-28.0046300002825,48
"2026_2026-04-22_46","10",2026,"2026-04-22","46","21042646","","2026-04-22 11:27:33",113.413184999611,-28.006195000228,47.7
"2026_2026-04-22_38","10",2026,"2026-04-22","38","21042638","","2026-04-22 11:31:36",113.416159999744,-28.0081200003699,47.9
"2026_2026-04-22_30","10",2026,"2026-04-22","30","21042630","","2026-04-22 11:33:50",113.417483333142,-28.0089583334581,54.2
"2026_2026-04-22_19","10",2026,"2026-04-22","19","21042619","","2026-04-22 11:38:07",113.420771666546,-28.0111416663071,59.2
"2026_2026-04-22_48","10",2026,"2026-04-22","48","21042648","","2026-04-22 11:41:34",113.422391666769,-28.0121216669429,60
"2026_2026-04-23_7","14",2026,"2026-04-23","7","22042607","","2026-04-23 07:50:55",113.455950000296,-28.1023799999957,15.1
"2026_2026-04-23_13","14",2026,"2026-04-23","13","22042613","","2026-04-23 07:53:24",113.455268333505,-28.0999699999131,13.9
"2026_2026-04-23_32","14",2026,"2026-04-23","32","22042632","","2026-04-23 07:56:04",113.454913333678,-28.098511666829,11.7
"2026_2026-04-23_28","14",2026,"2026-04-23","28","22042628","","2026-04-23 07:58:26",113.453868333389,-28.096076666606,18.1
"2026_2026-04-23_24","14",2026,"2026-04-23","24","22042624","","2026-04-23 08:02:20",113.45294333365,-28.0938716663802,19.3
"2026_2026-04-23_17","14",2026,"2026-04-23","17","22042617","","2026-04-23 08:03:58",113.452175000096,-28.0915883331585,19.7
"2026_2026-04-23_44","14",2026,"2026-04-23","44","22042644","","2026-04-23 08:05:47",113.451235000287,-28.0893833334514,21.6
"2026_2026-04-23_31","9",2026,"2026-04-23","31","22042631","","2026-04-23 08:13:01",113.461336667048,-28.0959200001166,38.9
"2026_2026-04-23_20","9",2026,"2026-04-23","20","22042620","","2026-04-23 08:16:09",113.460138333324,-28.09266500013,26.9
"2026_2026-04-23_15","9",2026,"2026-04-23","15","22042615","","2026-04-23 08:19:38",113.458942819411,-28.0900893774896,36.6
"2026_2026-04-23_6","9",2026,"2026-04-23","6","22042606","","2026-04-23 08:22:27",113.457290000137,-28.0858183330571,34.1
"2026_2026-04-23_36","9",2026,"2026-04-23","36","22042636","","2026-04-23 08:25:15",113.455733332937,-28.0820933336083,32
"2026_2026-04-23_11","9",2026,"2026-04-23","11","22042611","","2026-04-23 08:27:58",113.454294999912,-28.0785499998454,30.6
"2026_2026-04-23_37","9",2026,"2026-04-23","37","22042637","","2026-04-23 08:30:55",113.452863333284,-28.0749649996294,31.5
"2026_2026-04-23_41","9",2026,"2026-04-23","41","22042641","","2026-04-23 08:34:46",113.451381666427,-28.0714950002555,33.5
"2026_2026-04-23_47","9",2026,"2026-04-23","47","22042647","","2026-04-23 08:37:23",113.449991666357,-28.0679633336636,43.3
"2026_2026-04-23_26","9",2026,"2026-04-23","26","22042626","","2026-04-23 08:40:00",113.448476666614,-28.064175000347,43
"2026_2026-04-23_21","6",2026,"2026-04-23","21","22042621","","2026-04-23 09:25:26",113.42186166704,-28.0978566664196,43.2
"2026_2026-04-23_35","6",2026,"2026-04-23","35","22042636","","2026-04-23 09:28:17",113.420775000194,-28.0951033332004,43.5
"2026_2026-04-23_16","6",2026,"2026-04-23","16","22042616","","2026-04-23 09:34:01",113.419706667064,-28.092268333523,43
"2026_2026-04-23_25","6",2026,"2026-04-23","25","22042625","","2026-04-23 09:35:44",113.418793333745,-28.089321666923,44.7
"2026_2026-04-23_34","6",2026,"2026-04-23","34","22042634","","2026-04-23 09:37:51",113.417759999877,-28.0862333333121,47.4
"2026_2026-04-23_2","6",2026,"2026-04-23","2","22042602","","2026-04-23 09:38:47",113.416971666231,-28.083811666556,48.1
"2026_2026-04-23_10","6",2026,"2026-04-23","10","22042610","","2026-04-23 09:41:30",113.416101666743,-28.0809566670148,51.4
"2026_2026-04-23_18","6",2026,"2026-04-23","18","22042618","","2026-04-23 09:45:05",113.41523333363,-28.078190000161,51.3
"2026_2026-04-23_FIII","6",2026,"2026-04-23","FIII","220426FIII","","2026-04-23 09:48:06",113.414368333267,-28.0754600002726,50.9
"2026_2026-04-23_50","7",2026,"2026-04-23","50","22042650","","2026-04-23 10:18:55",113.442171666519,-28.0469750003042,51
"2026_2026-04-23_9","7",2026,"2026-04-23","9","22042609","","2026-04-23 10:23:43",113.437933333262,-28.0479883335354,42.1
"2026_2026-04-23_22","7",2026,"2026-04-23","22","22042622","","2026-04-23 10:25:53",113.434634999813,-28.0488383330569,42.6
"2026_2026-04-23_46","7",2026,"2026-04-23","46","22042646","","2026-04-23 10:30:53",113.427083333038,-28.0507450000194,57.8
"2026_2026-04-23_45","7",2026,"2026-04-23","45","22042645","","2026-04-23 10:36:56",113.430874999681,-28.0497316666021,48.9
"2026_2026-04-23_49","7",2026,"2026-04-23","49","22042649","","2026-04-23 10:42:04",113.423274999951,-28.0519049999298,58.3
"2026_2026-04-23_30","7",2026,"2026-04-23","30","22042630","","2026-04-23 10:45:09",113.419718333484,-28.0529316663747,51
"2026_2026-04-23_38","7",2026,"2026-04-23","38","22042638","","2026-04-23 10:48:54",113.415784999826,-28.0539699996926,47.4
"2026_2026-04-23_19","7",2026,"2026-04-23","19","22042619","","2026-04-23 10:51:23",113.411886666327,-28.0550916666077,53
"2026_2026-04-23_48","7",2026,"2026-04-23","48","22042648","","2026-04-23 10:55:51",113.408103333355,-28.0559499996835,59.6
"2026_2026-04-23_27","8",2026,"2026-04-23","27","22042627","","2026-04-23 11:07:06",113.43798333349,-28.0725049999947,41.5
"2026_2026-04-23_F3-2","8",2026,"2026-04-23","F3-2","220426F3-2","","2026-04-23 11:10:35",113.438601666358,-28.0753616667529,40.9
"2026_2026-04-23_23","8",2026,"2026-04-23","23","22042623","","2026-04-23 11:13:28",113.439243332966,-28.0781650003143,40.3
"2026_2026-04-23_5","8",2026,"2026-04-23","5","22042605","","2026-04-23 11:16:19",113.440104999681,-28.0810483330862,39.2
"2026_2026-04-23_4","8",2026,"2026-04-23","4","22042604","","2026-04-23 11:20:05",113.440718333425,-28.0838999999082,40.6
"2026_2026-04-23_40","8",2026,"2026-04-23","40","22042640","","2026-04-23 11:22:00",113.441453333193,-28.0867849999222,43.8
"2026_2026-04-23_14","8",2026,"2026-04-23","14","22042614","","2026-04-23 11:25:43",113.442236666816,-28.0895666669783,42.5
"2026_2026-04-23_39","8",2026,"2026-04-23","39","22042639","","2026-04-23 11:27:59",113.442993333051,-28.0926699999002,44.9
"2026_2026-04-23_43","8",2026,"2026-04-23","43","22042643","","2026-04-23 11:31:55",113.443768333003,-28.0953899996113,45.7
"2026_2026-04-23_8","8",2026,"2026-04-23","8","22042608","","2026-04-23 11:35:26",113.44446833351,-28.0983633332329,45.4
"2026_2026-04-24_34","1",2026,"2026-04-24","34","23042634","","2026-04-24 05:20:50",113.452561666435,-28.1575350002032,42
"2026_2026-04-24_25","1",2026,"2026-04-24","25","23042625","","2026-04-24 05:28:08",113.451846666758,-28.1551233333364,40.8
"2026_2026-04-24_16","1",2026,"2026-04-24","16","23042616","","2026-04-24 05:30:55",113.45103833302,-28.1520783335521,42
"2026_2026-04-24_21","1",2026,"2026-04-24","21","23042621","","2026-04-24 05:35:36",113.450293333206,-28.1493150003929,44.5
"2026_2026-04-24_18","1",2026,"2026-04-24","18","23042618","","2026-04-24 05:39:12",113.449406666376,-28.1465150000512,43.5
"2026_2026-04-24_10","1",2026,"2026-04-24","10","23042610","","2026-04-24 05:42:33",113.448620000004,-28.1435533330019,43.8
"2026_2026-04-24_2","1",2026,"2026-04-24","2","23042602","","2026-04-24 05:45:34",113.44792166677,-28.1409366669739,43.4
"2026_2026-04-24_35","1",2026,"2026-04-24","35","23042635","","2026-04-24 05:49:39",113.447194999774,-28.1381033335026,34.7
"2026_2026-04-24_9","1",2026,"2026-04-24","9","23042609","","2026-04-24 05:52:14",113.446576666906,-28.1355783336557,43.8
"2026_2026-04-24_50","2",2026,"2026-04-24","50","23042650","","2026-04-24 05:56:47",113.439934999802,-28.1315800003104,39.8
"2026_2026-04-24_F3-2","2",2026,"2026-04-24","F3-2","230426F3-2","","2026-04-24 06:00:33",113.439106666872,-28.1300033334805,39.7
"2026_2026-04-24_49","2",2026,"2026-04-24","49","23042649","","2026-04-24 06:03:30",113.438225000065,-28.1283100003782,39.6
"2026_2026-04-24_45","2",2026,"2026-04-24","45","23042645","","2026-04-24 06:06:40",113.437315000394,-28.1269800000079,40.5
"2026_2026-04-24_46","2",2026,"2026-04-24","46","23042646","","2026-04-24 06:09:24",113.436486666565,-28.1256049998198,39.8
"2026_2026-04-24_22","2",2026,"2026-04-24","22","23042622","","2026-04-24 06:11:30",113.43573000033,-28.124179999782,40.7
"2026_2026-04-24_8","2",2026,"2026-04-24","8","23042608","","2026-04-24 06:19:09",113.423663333564,-28.1028416668511,42.2
"2026_2026-04-24_43","2",2026,"2026-04-24","43","23042643","","2026-04-24 06:21:59",113.424239999874,-28.104058333639,43.3
"2026_2026-04-24_12","2",2026,"2026-04-24","12","23042612","","2026-04-24 06:26:05",113.426091666626,-28.1072066664513,41.5
"2026_2026-04-24_5","2",2026,"2026-04-24","5","23042605","","2026-04-24 06:27:55",113.427098333107,-28.1089766666457,41.4
"2026_2026-04-24_39","2",2026,"2026-04-24","39","23042639","","2026-04-24 06:31:56",113.425091666544,-28.1056300001254,42.6
"2026_2026-04-24_4","2",2026,"2026-04-24","4","23042604","","2026-04-24 06:35:25",113.427918333264,-28.1104900003461,40.2
"2026_2026-04-24_40","2",2026,"2026-04-24","40","23042640","","2026-04-24 06:38:43",113.428785000003,-28.1120083329571,39.6
"2026_2026-04-24_23","2",2026,"2026-04-24","23","23042623","","2026-04-24 06:41:14",113.429613332933,-28.1134983333934,39.6
"2026_2026-04-24_27","2",2026,"2026-04-24","27","23042627","","2026-04-24 06:43:34",113.431076233983,-28.1162127406688,39.8
"2026_2026-04-24_F3","2",2026,"2026-04-24","F3","230426F3","","2026-04-24 06:45:34",113.430406666601,-28.114948333581,40.5
"2026_2026-04-24_30","2",2026,"2026-04-24","30","23042630","","2026-04-24 06:49:39",113.432143333726,-28.1179099997486,40
"2026_2026-04-24_38","2",2026,"2026-04-24","38","23042638","","2026-04-24 06:51:13",113.432931666473,-28.1192433332927,40.1
"2026_2026-04-24_19","2",2026,"2026-04-24","19","23042619","","2026-04-24 06:53:45",113.433843333417,-28.1209083329385,40.8
"2026_2026-04-24_48","2",2026,"2026-04-24","48","23042648","","2026-04-24 06:57:07",113.434844999875,-28.1227100002333,39.7
"2026_2026-04-24_13","3",2026,"2026-04-24","13","23042613","","2026-04-24 07:04:49",113.45512333374,-28.115520000319,35.4
"2026_2026-04-24_7","3",2026,"2026-04-24","7","23042607","","2026-04-24 07:06:10",113.454269999797,-28.1145650001191,39.3
"2026_2026-04-24_28","3",2026,"2026-04-24","28","23042628","","2026-04-24 07:11:40",113.456901666524,-28.1177466662716,31.7
"2026_2026-04-24_31","3",2026,"2026-04-24","31","23042631","","2026-04-24 07:12:26",113.457531666711,-28.1190433332089,32
"2026_2026-04-24_32","3",2026,"2026-04-24","32","23042632","","2026-04-24 07:14:29",113.456053333503,-28.1165800002847,32.9
"2026_2026-04-24_44","3",2026,"2026-04-24","44","23042644","","2026-04-24 07:17:43",113.459401666282,-28.1214300002533,30.2
"2026_2026-04-24_17","3",2026,"2026-04-24","17","23042617","","2026-04-24 07:20:38",113.460174999859,-28.1224116662888,30.9
"2026_2026-04-24_24","3",2026,"2026-04-24","24","23042624","","2026-04-24 07:23:53",113.461821666572,-28.1245599999542,32.8
"2026_2026-04-24_26","4",2026,"2026-04-24","26","23042626","","2026-04-24 07:33:45",113.467873333672,-28.1041549998213,37.9
"2026_2026-04-24_47","4",2026,"2026-04-24","47","23042647","","2026-04-24 07:35:52",113.469120000352,-28.1060950000219,37
"2026_2026-04-24_41","4",2026,"2026-04-24","41","23042641","","2026-04-24 07:38:19",113.470129999582,-28.1077749997475,32.8
"2026_2026-04-24_37","4",2026,"2026-04-24","37","23042637","","2026-04-24 07:40:38",113.471314999612,-28.1097200000175,33.1
"2026_2026-04-24_36","4",2026,"2026-04-24","36","23042636","","2026-04-24 07:43:48",113.472471666779,-28.1114883336433,25.4
"2026_2026-04-24_11","4",2026,"2026-04-24","11","23042611","","2026-04-24 07:45:32",113.473611666604,-28.1133366665967,26.5
"2026_2026-04-24_20","4",2026,"2026-04-24","20","23042620","","2026-04-24 07:48:02",113.47473333361,-28.1151433330723,28.1
"2026_2026-04-24_15","4",2026,"2026-04-24","15","23042615","","2026-04-24 07:50:15",113.475538333699,-28.1163666670431,29.7
"2026_2026-04-24_6","4",2026,"2026-04-24","6","23042606","","2026-04-24 07:53:39",113.476918333724,-28.1186133334292,29.3
